<?xml version="1.0" encoding="UTF-8"?>
<project-private xmlns="http://www.netbeans.org/ns/project-private/1">
    <editor-bookmarks xmlns="http://www.netbeans.org/ns/editor-bookmarks/2" lastBookmarkId="0"/>
    <open-files xmlns="http://www.netbeans.org/ns/projectui-open-files/2">
        <group>
            <file>file:/C:/Users/ingesis/Desktop/AgenciaViajesDemo/src/agenciaViajes/negocio/Ingresos.java</file>
            <file>file:/C:/Users/ingesis/Desktop/AgenciaViajesDemo/src/agenciaViajes/acceso/ServicioHoteles.java</file>
            <file>file:/C:/Users/ingesis/Desktop/AgenciaViajesDemo/src/agenciaViajes/negocio/GestorUsuarios.java</file>
            <file>file:/C:/Users/ingesis/Desktop/AgenciaViajesDemo/src/agenciaViajes/acceso/ServicioServidor.java</file>
            <file>file:/C:/Users/ingesis/Desktop/AgenciaViajesDemo/src/agenciaViajes/negocio/GestorUbicaciones.java</file>
            <file>file:/C:/Users/ingesis/Desktop/AgenciaViajesDemo/src/agenciaViajes/negocio/GestorClientes.java</file>
            <file>file:/C:/Users/ingesis/Desktop/AgenciaViajesDemo/src/agenciaViajes/negocio/Ubicacion.java</file>
            <file>file:/C:/Users/ingesis/Desktop/AgenciaViajesDemo/src/agenciaViajes/presentacion/GUIClientes.java</file>
            <file>file:/C:/Users/ingesis/Desktop/AgenciaViajesDemo/src/agenciaViajes/acceso/IServidor.java</file>
            <file>file:/C:/Users/ingesis/Desktop/AgenciaViajesDemo/src/agenciaViajes/negocio/Cliente.java</file>
            <file>file:/C:/Users/ingesis/Desktop/AgenciaViajesDemo/src/agenciaViajes/presentacion/GUIAutenticacion.java</file>
            <file>file:/C:/Users/ingesis/Desktop/AgenciaViajesDemo/src/agenciaViajes/presentacion/GUICiudadAgregarDialog.java</file>
        </group>
    </open-files>
</project-private>
